"First Name","Last Name","Age","Email","Salary"
"Rubie","Thompson","20","r.thompson@randatmail.com","5118"
"Walter","Wells","18","w.wells@randatmail.com","7488"
"Kimberly","Harris","26","k.harris@randatmail.com","4187"
"Edward","Miller","18","e.miller@randatmail.com","3862"
"Madaline","Mitchell","24","m.mitchell@randatmail.com","1916"
"Jack","Russell","28","j.russell@randatmail.com","5051"
"Alexia","Edwards","20","a.edwards@randatmail.com","4725"
"Byron","Ross","28","b.ross@randatmail.com","3864"
"Abraham","Farrell","25","a.farrell@randatmail.com","6614"
"Stella","Richards","23","s.richards@randatmail.com","7660"
"Dale","Johnson","25","d.johnson@randatmail.com","8154"
"Steven","Watson","28","s.watson@randatmail.com","4260"
"Frederick","Baker","19","f.baker@randatmail.com","1506"
"Sawyer","Barrett","29","s.barrett@randatmail.com","2888"
"James","Watson","26","j.watson@randatmail.com","3867"
"Michael","Ellis","18","m.ellis@randatmail.com","8540"
"Sam","Hunt","25","s.hunt@randatmail.com","1226"
"Savana","Davis","21","s.davis@randatmail.com","1556"
"Roman","West","26","r.west@randatmail.com","4104"
"Naomi","Henderson","20","n.henderson@randatmail.com","7839"
